{"cameraMode":{"drawMode":0,"name":"Shaded","section":"Shading Mode"},"sceneLighting":true,"audioPlay":false,"sceneViewState":{"m_AlwaysRefresh":false,"showFog":true,"showSkybox":true,"showFlares":true,"showImageEffects":true,"showParticleSystems":true,"showVisualEffectGraphs":true,"m_FxEnabled":true},"in2DMode":false,"pivot":{"x":108.56507110595703,"y":76.73664855957031,"z":-16.0643310546875},"rotation":{"x":-0.45565059781074526,"y":0.010927772149443627,"z":0.010733716189861298,"w":-0.8899128437042236},"size":12.12435531616211,"orthographic":false}