{"cameraMode":{"drawMode":0,"name":"Shaded","section":"Shading Mode"},"sceneLighting":true,"audioPlay":false,"sceneViewState":{"m_AlwaysRefresh":false,"showFog":true,"showSkybox":true,"showFlares":true,"showImageEffects":true,"showParticleSystems":true,"showVisualEffectGraphs":true,"m_FxEnabled":true},"in2DMode":false,"pivot":{"x":93.49488830566406,"y":111.15827941894531,"z":-28.61371612548828},"rotation":{"x":-0.5537021160125732,"y":-0.0038834423758089544,"z":0.009429357014596463,"w":-0.832973301410675},"size":4.271876811981201,"orthographic":false}