{"cameraMode":{"drawMode":0,"name":"Shaded","section":"Shading Mode"},"sceneLighting":true,"audioPlay":false,"sceneViewState":{"m_AlwaysRefresh":false,"showFog":true,"showSkybox":true,"showFlares":true,"showImageEffects":true,"showParticleSystems":true,"showVisualEffectGraphs":true,"m_FxEnabled":true},"in2DMode":false,"pivot":{"x":-5.905263423919678,"y":5.682056427001953,"z":-0.31897905468940737},"rotation":{"x":0.18861287832260133,"y":0.6848737001419067,"z":-0.19063620269298554,"w":0.6774911880493164},"size":1.3449110984802247,"orthographic":false}