{"cameraMode":{"drawMode":0,"name":"Shaded","section":"Shading Mode"},"sceneLighting":true,"audioPlay":false,"sceneViewState":{"m_AlwaysRefresh":false,"showFog":true,"showSkybox":true,"showFlares":true,"showImageEffects":true,"showParticleSystems":true,"showVisualEffectGraphs":true,"m_FxEnabled":true},"in2DMode":false,"pivot":{"x":22.732851028442384,"y":39.872520446777347,"z":-0.7949414253234863},"rotation":{"x":-0.18546514213085175,"y":0.7427405714988709,"z":-0.20170873403549195,"w":-0.6108089685440064},"size":12.12435531616211,"orthographic":false}