{"cameraMode":{"drawMode":0,"name":"Shaded","section":"Shading Mode"},"sceneLighting":true,"audioPlay":false,"sceneViewState":{"m_AlwaysRefresh":false,"showFog":true,"showSkybox":true,"showFlares":true,"showImageEffects":true,"showParticleSystems":true,"showVisualEffectGraphs":true,"m_FxEnabled":true},"in2DMode":false,"pivot":{"x":-3.997588634490967,"y":0.13416071236133576,"z":-4.736127853393555},"rotation":{"x":0.08808526396751404,"y":0.005081485956907272,"z":-0.0004601134860422462,"w":0.9961057901382446},"size":0.39427486062049868,"orthographic":false}