{"cameraMode":{"drawMode":0,"name":"Shaded","section":"Shading Mode"},"sceneLighting":true,"audioPlay":false,"sceneViewState":{"m_AlwaysRefresh":false,"showFog":true,"showSkybox":true,"showFlares":true,"showImageEffects":true,"showParticleSystems":true,"showVisualEffectGraphs":true,"m_FxEnabled":true},"in2DMode":false,"pivot":{"x":28.7972412109375,"y":881.7145385742188,"z":360.229736328125},"rotation":{"x":0.0005519309779629111,"y":0.8117611408233643,"z":-0.5840700268745422,"w":0.0006845940952189267},"size":7.088724136352539,"orthographic":false}