{"cameraMode":{"drawMode":0,"name":"Shaded","section":"Shading Mode"},"sceneLighting":true,"audioPlay":false,"sceneViewState":{"m_AlwaysRefresh":false,"showFog":true,"showSkybox":true,"showFlares":true,"showImageEffects":true,"showParticleSystems":true,"showVisualEffectGraphs":true,"m_FxEnabled":true},"in2DMode":false,"pivot":{"x":-2.3413898944854738,"y":2.486114978790283,"z":5.761699676513672},"rotation":{"x":0.007125785108655691,"y":-0.9806607365608215,"z":0.19691932201385499,"w":0.005364695098251104},"size":5.196155071258545,"orthographic":false}