{"cameraMode":{"drawMode":0,"name":"Shaded","section":"Shading Mode"},"sceneLighting":true,"audioPlay":false,"sceneViewState":{"m_AlwaysRefresh":false,"showFog":true,"showSkybox":true,"showFlares":true,"showImageEffects":true,"showParticleSystems":true,"showVisualEffectGraphs":true,"m_FxEnabled":true},"in2DMode":false,"pivot":{"x":-14.175152778625489,"y":602.6124267578125,"z":-260.48101806640627},"rotation":{"x":0.5510433316230774,"y":0.002273714169859886,"z":-0.0015762841794639826,"w":0.8346627950668335},"size":1.2437342405319214,"orthographic":false}