{"cameraMode":{"drawMode":0,"name":"Shaded","section":"Shading Mode"},"sceneLighting":true,"audioPlay":false,"sceneViewState":{"m_AlwaysRefresh":false,"showFog":true,"showSkybox":true,"showFlares":true,"showImageEffects":true,"showParticleSystems":true,"showVisualEffectGraphs":true,"m_FxEnabled":true},"in2DMode":false,"pivot":{"x":11.968429565429688,"y":19.615264892578126,"z":-30.300094604492189},"rotation":{"x":-0.43021243810653689,"y":-0.12515854835510255,"z":0.07673773914575577,"w":-0.8906022310256958},"size":15.109151840209961,"orthographic":false}