{"cameraMode":{"drawMode":0,"name":"Shaded","section":"Shading Mode"},"sceneLighting":false,"audioPlay":false,"sceneViewState":{"m_AlwaysRefresh":false,"showFog":true,"showSkybox":false,"showFlares":true,"showImageEffects":true,"showParticleSystems":true,"showVisualEffectGraphs":true,"m_FxEnabled":true},"in2DMode":false,"pivot":{"x":-26.797365188598634,"y":-20.927392959594728,"z":0.8700239658355713},"rotation":{"x":0.24011541903018952,"y":-0.6761540174484253,"z":0.2496391236782074,"w":0.6502758860588074},"size":21.794496536254884,"orthographic":false}