{"cameraMode":{"drawMode":0,"name":"Shaded","section":"Shading Mode"},"sceneLighting":false,"audioPlay":false,"sceneViewState":{"m_AlwaysRefresh":false,"showFog":true,"showSkybox":false,"showFlares":true,"showImageEffects":true,"showParticleSystems":true,"showVisualEffectGraphs":true,"m_FxEnabled":true},"in2DMode":false,"pivot":{"x":86.79571533203125,"y":760.2459106445313,"z":-1.6075341701507569},"rotation":{"x":-0.03838624432682991,"y":-0.018576882779598237,"z":-0.000715503585524857,"w":0.9991456866264343},"size":49.746246337890628,"orthographic":false}