{"cameraMode":{"drawMode":0,"name":"Shaded","section":"Shading Mode"},"sceneLighting":false,"audioPlay":false,"sceneViewState":{"m_AlwaysRefresh":false,"showFog":true,"showSkybox":false,"showFlares":true,"showImageEffects":true,"showParticleSystems":true,"showVisualEffectGraphs":true,"m_FxEnabled":true},"in2DMode":false,"pivot":{"x":-1.6379836797714234,"y":6.142356872558594,"z":-0.22895865142345429},"rotation":{"x":0.17070908844470979,"y":0.5500661134719849,"z":-0.11602749675512314,"w":0.8091819286346436},"size":1.0024968385696412,"orthographic":false}