{"cameraMode":{"drawMode":0,"name":"Shaded","section":"Shading Mode"},"sceneLighting":false,"audioPlay":false,"sceneViewState":{"m_AlwaysRefresh":false,"showFog":true,"showSkybox":false,"showFlares":true,"showImageEffects":true,"showParticleSystems":true,"showVisualEffectGraphs":true,"m_FxEnabled":true},"in2DMode":false,"pivot":{"x":-1.1018784046173096,"y":-4.947895526885986,"z":16.692739486694337},"rotation":{"x":0.31826943159103396,"y":0.01751459576189518,"z":0.018908077850937845,"w":0.9475737810134888},"size":18.027755737304689,"orthographic":false}