{"cameraMode":{"drawMode":0,"name":"Shaded","section":"Shading Mode"},"sceneLighting":false,"audioPlay":false,"sceneViewState":{"m_AlwaysRefresh":false,"showFog":true,"showSkybox":false,"showFlares":true,"showImageEffects":true,"showParticleSystems":true,"showVisualEffectGraphs":true,"m_FxEnabled":true},"in2DMode":false,"pivot":{"x":2.112071990966797,"y":0.9602696299552918,"z":32.906211853027347},"rotation":{"x":-0.08324825018644333,"y":-0.05252206325531006,"z":-0.01914099231362343,"w":-0.9948952794075012},"size":18.027755737304689,"orthographic":false}