{"cameraMode":{"drawMode":0,"name":"Shaded","section":"Shading Mode"},"sceneLighting":false,"audioPlay":false,"sceneViewState":{"m_AlwaysRefresh":false,"showFog":true,"showSkybox":false,"showFlares":true,"showImageEffects":true,"showParticleSystems":true,"showVisualEffectGraphs":true,"m_FxEnabled":true},"in2DMode":false,"pivot":{"x":1.7260993719100953,"y":1.2115795612335206,"z":10.542730331420899},"rotation":{"x":-0.2612137496471405,"y":-0.03514606133103371,"z":-0.014750311151146889,"w":-0.964458703994751},"size":18.027755737304689,"orthographic":false}