{"cameraMode":{"drawMode":0,"name":"Shaded","section":"Shading Mode"},"sceneLighting":false,"audioPlay":false,"sceneViewState":{"m_AlwaysRefresh":false,"showFog":true,"showSkybox":false,"showFlares":true,"showImageEffects":true,"showParticleSystems":true,"showVisualEffectGraphs":true,"m_FxEnabled":true},"in2DMode":false,"pivot":{"x":3.75072979927063,"y":0.9307661652565002,"z":-3.7081313133239748},"rotation":{"x":0.007206921465694904,"y":-0.9928605556488037,"z":0.07310324907302857,"w":0.09565798938274384},"size":7.071067810058594,"orthographic":false}