{"cameraMode":{"drawMode":0,"name":"Shaded","section":"Shading Mode"},"sceneLighting":false,"audioPlay":false,"sceneViewState":{"m_AlwaysRefresh":false,"showFog":true,"showSkybox":false,"showFlares":true,"showImageEffects":true,"showParticleSystems":true,"showVisualEffectGraphs":true,"m_FxEnabled":true},"in2DMode":false,"pivot":{"x":1.9999656677246094,"y":0.5930521488189697,"z":-0.15104356408119203},"rotation":{"x":-0.015387330204248429,"y":-0.9704617857933044,"z":0.19076484441757203,"w":-0.14694561064243318},"size":0.8959726095199585,"orthographic":false}