{"cameraMode":{"drawMode":0,"name":"Shaded","section":"Shading Mode"},"sceneLighting":false,"audioPlay":false,"sceneViewState":{"m_AlwaysRefresh":false,"showFog":true,"showSkybox":false,"showFlares":true,"showImageEffects":true,"showParticleSystems":true,"showVisualEffectGraphs":true,"m_FxEnabled":true},"in2DMode":false,"pivot":{"x":1.052025318145752,"y":1.5931614637374879,"z":0.19010676443576814},"rotation":{"x":-0.1078648641705513,"y":0.7698318362236023,"z":-0.12624973058700562,"w":-0.6166654825210571},"size":0.21362325549125672,"orthographic":false}