{"cameraMode":{"drawMode":0,"name":"Shaded","section":"Shading Mode"},"sceneLighting":false,"audioPlay":false,"sceneViewState":{"m_AlwaysRefresh":false,"showFog":true,"showSkybox":false,"showFlares":true,"showImageEffects":true,"showParticleSystems":true,"showVisualEffectGraphs":true,"m_FxEnabled":true},"in2DMode":false,"pivot":{"x":0.7086287140846252,"y":-4.7789106369018559,"z":22.675634384155275},"rotation":{"x":0.397574245929718,"y":-0.0002011510223383084,"z":0.025682935491204263,"w":0.9171306490898132},"size":18.027755737304689,"orthographic":false}