{"cameraMode":{"drawMode":0,"name":"Shaded","section":"Shading Mode"},"sceneLighting":false,"audioPlay":false,"sceneViewState":{"m_AlwaysRefresh":false,"showFog":true,"showSkybox":false,"showFlares":true,"showImageEffects":true,"showParticleSystems":true,"showVisualEffectGraphs":true,"m_FxEnabled":true},"in2DMode":false,"pivot":{"x":13.768561363220215,"y":-5.271584510803223,"z":11.898850440979004},"rotation":{"x":0.4068111777305603,"y":0.27282238006591799,"z":-0.10103054344654083,"w":0.8658667802810669},"size":17.216506958007814,"orthographic":false}